PassengerId,Survived,Pclass,Age,SibSp,Parch,Fare,Embarked,Family_Size,Title,Deck,Side,Fare_Per_Person,AgeClass,Protocole,Gender
1,0,3,22.0,1,0,7.25,2,1,3,-1,0,3.625,66.0,0,1
2,1,1,38.0,1,0,71.2833,0,1,4,3,-1,35.64165,38.0,1,0
3,1,3,26.0,0,0,7.925,2,0,2,-1,0,7.925,78.0,1,0
4,1,1,35.0,1,0,53.1,2,1,4,3,-1,26.55,35.0,1,0
5,0,3,35.0,0,0,8.05,2,0,3,-1,0,8.05,105.0,0,1
6,0,3,25.14061971830986,0,0,8.4583,1,0,3,-1,0,8.4583,75.42185915492958,0,1
7,0,1,54.0,0,0,51.8625,2,0,3,5,1,51.8625,54.0,0,1
8,0,3,2.0,3,1,21.075,2,4,1,-1,0,4.215,6.0,1,1
9,1,3,27.0,0,2,11.1333,2,2,4,-1,0,3.7111,81.0,1,0
10,1,2,14.0,1,0,30.0708,0,1,4,-1,0,15.0354,28.0,1,0
11,1,3,4.0,1,1,16.7,2,2,2,8,1,5.566666666666666,12.0,1,0
12,1,1,58.0,0,0,26.55,2,0,2,3,-1,26.55,58.0,1,0
13,0,3,20.0,0,0,8.05,2,0,3,-1,0,8.05,60.0,0,1
14,0,3,39.0,1,5,31.275,2,6,3,-1,0,4.4678571428571425,117.0,0,1
15,0,3,14.0,0,0,7.8542,2,0,2,-1,0,7.8542,42.0,1,0
16,1,2,55.0,0,0,16.0,2,0,4,-1,0,16.0,110.0,1,0
17,0,3,2.0,4,1,29.125,1,5,1,-1,0,4.854166666666667,6.0,1,1
18,1,2,29.87763005780347,0,0,13.0,2,0,3,-1,0,13.0,59.75526011560694,0,1
19,0,3,31.0,1,0,18.0,2,1,4,-1,0,9.0,93.0,1,0
20,1,3,25.14061971830986,0,0,7.225,0,0,4,-1,0,7.225,75.42185915492958,1,0
21,0,2,35.0,0,0,26.0,2,0,3,-1,0,26.0,70.0,0,1
22,1,2,34.0,0,0,13.0,2,0,3,4,1,13.0,68.0,0,1
23,1,3,15.0,0,0,8.0292,1,0,2,-1,0,8.0292,45.0,1,0
24,1,1,28.0,0,0,35.5,2,0,3,1,1,35.5,28.0,0,1
25,0,3,8.0,3,1,21.075,2,4,2,-1,0,4.215,24.0,1,0
26,1,3,38.0,1,5,31.3875,2,6,4,-1,0,4.483928571428572,114.0,1,0
27,0,3,25.14061971830986,0,0,7.225,0,0,3,-1,0,7.225,75.42185915492958,0,1
28,0,1,19.0,3,2,263.0,2,5,3,3,-1,43.833333333333336,19.0,0,1
29,1,3,25.14061971830986,0,0,7.8792,1,0,2,-1,0,7.8792,75.42185915492958,1,0
30,0,3,25.14061971830986,0,0,7.8958,2,0,3,-1,0,7.8958,75.42185915492958,0,1
31,0,1,40.0,0,0,27.7208,0,0,3,-1,0,27.7208,40.0,0,1
32,1,1,38.233440860215055,1,0,146.5208,0,1,4,2,1,73.2604,38.233440860215055,1,0
33,1,3,25.14061971830986,0,0,7.75,1,0,2,-1,0,7.75,75.42185915492958,1,0
34,0,2,66.0,0,0,10.5,2,0,3,-1,0,10.5,132.0,0,1
35,0,1,28.0,1,0,82.1708,0,1,3,-1,0,41.0854,28.0,0,1
36,0,1,42.0,1,0,52.0,2,1,3,-1,0,26.0,42.0,0,1
37,1,3,25.14061971830986,0,0,7.2292,0,0,3,-1,0,7.2292,75.42185915492958,0,1
38,0,3,21.0,0,0,8.05,2,0,3,-1,0,8.05,63.0,0,1
39,0,3,18.0,2,0,18.0,2,2,2,-1,0,6.0,54.0,1,0
40,1,3,14.0,1,0,11.2417,0,1,2,-1,0,5.62085,42.0,1,0
41,0,3,40.0,1,0,9.475,2,1,4,-1,0,4.7375,120.0,1,0
42,0,2,27.0,1,0,21.0,2,1,4,-1,0,10.5,54.0,1,0
43,0,3,25.14061971830986,0,0,7.8958,0,0,3,-1,0,7.8958,75.42185915492958,0,1
44,1,2,3.0,1,2,41.5792,0,3,2,-1,0,10.3948,6.0,1,0
45,1,3,19.0,0,0,7.8792,1,0,2,-1,0,7.8792,57.0,1,0
46,0,3,25.14061971830986,0,0,8.05,2,0,3,-1,0,8.05,75.42185915492958,0,1
47,0,3,25.14061971830986,1,0,15.5,1,1,3,-1,0,7.75,75.42185915492958,0,1
48,1,3,25.14061971830986,0,0,7.75,1,0,2,-1,0,7.75,75.42185915492958,1,0
49,0,3,25.14061971830986,2,0,21.6792,0,2,3,-1,0,7.226400000000001,75.42185915492958,0,1
50,0,3,18.0,1,0,17.8,2,1,4,-1,0,8.9,54.0,1,0
51,0,3,7.0,4,1,39.6875,2,5,1,-1,0,6.614583333333333,21.0,1,1
52,0,3,21.0,0,0,7.8,2,0,3,-1,0,7.8,63.0,0,1
53,1,1,49.0,1,0,76.7292,0,1,4,4,-1,38.3646,49.0,1,0
54,1,2,29.0,1,0,26.0,2,1,4,-1,0,13.0,58.0,1,0
55,0,1,65.0,0,1,61.9792,0,1,3,2,1,30.9896,65.0,0,1
56,1,1,38.233440860215055,0,0,35.5,2,0,3,3,1,35.5,38.233440860215055,0,1
57,1,2,21.0,0,0,10.5,2,0,2,-1,0,10.5,42.0,1,0
58,0,3,28.5,0,0,7.2292,0,0,3,-1,0,7.2292,85.5,0,1
59,1,2,5.0,1,2,27.75,2,3,2,-1,0,6.9375,10.0,1,0
60,0,3,11.0,5,2,46.9,2,7,1,-1,0,5.8625,33.0,0,1
61,0,3,22.0,0,0,7.2292,0,0,3,-1,0,7.2292,66.0,0,1
62,1,1,38.0,0,0,80.0,2,0,2,2,1,80.0,38.0,1,0
63,0,1,45.0,1,0,83.475,2,1,3,3,-1,41.7375,45.0,0,1
64,0,3,4.0,3,2,27.9,2,5,1,-1,0,4.6499999999999995,12.0,1,1
65,0,1,38.233440860215055,0,0,27.7208,0,0,3,-1,0,27.7208,38.233440860215055,0,1
66,1,3,25.14061971830986,1,1,15.2458,0,2,1,-1,0,5.081933333333333,75.42185915492958,0,1
67,1,2,29.0,0,0,10.5,2,0,4,6,-1,10.5,58.0,1,0
68,0,3,19.0,0,0,8.1583,2,0,3,-1,0,8.1583,57.0,0,1
69,1,3,17.0,4,2,7.925,2,6,2,-1,0,1.1321428571428571,51.0,1,0
70,0,3,26.0,2,0,8.6625,2,2,3,-1,0,2.8874999999999997,78.0,0,1
71,0,2,32.0,0,0,10.5,2,0,3,-1,0,10.5,64.0,0,1
72,0,3,16.0,5,2,46.9,2,7,2,-1,0,5.8625,48.0,1,0
73,0,2,21.0,0,0,73.5,2,0,3,-1,0,73.5,42.0,0,1
74,0,3,26.0,1,0,14.4542,0,1,3,-1,0,7.2271,78.0,0,1
75,1,3,32.0,0,0,56.4958,2,0,3,-1,0,56.4958,96.0,0,1
76,0,3,25.0,0,0,7.65,2,0,3,6,-1,7.65,75.0,0,1
77,0,3,25.14061971830986,0,0,7.8958,2,0,3,-1,0,7.8958,75.42185915492958,0,1
78,0,3,25.14061971830986,0,0,8.05,2,0,3,-1,0,8.05,75.42185915492958,0,1
79,1,2,0.83,0,2,29.0,2,2,1,-1,0,9.666666666666666,1.66,1,1
80,1,3,30.0,0,0,12.475,2,0,2,-1,0,12.475,90.0,1,0
81,0,3,22.0,0,0,9.0,2,0,3,-1,0,9.0,66.0,0,1
82,1,3,29.0,0,0,9.5,2,0,3,-1,0,9.5,87.0,0,1
83,1,3,25.14061971830986,0,0,7.7875,1,0,2,-1,0,7.7875,75.42185915492958,1,0
84,0,1,28.0,0,0,47.1,2,0,3,-1,0,47.1,28.0,0,1
85,1,2,17.0,0,0,10.5,2,0,2,-1,0,10.5,34.0,1,0
86,1,3,33.0,3,0,15.85,2,3,4,-1,0,3.9625,99.0,1,0
87,0,3,16.0,1,3,34.375,2,4,3,-1,0,6.875,48.0,0,1
88,0,3,25.14061971830986,0,0,8.05,2,0,3,-1,0,8.05,75.42185915492958,0,1
89,1,1,23.0,3,2,263.0,2,5,2,3,-1,43.833333333333336,23.0,1,0
90,0,3,24.0,0,0,8.05,2,0,3,-1,0,8.05,72.0,0,1
91,0,3,29.0,0,0,8.05,2,0,3,-1,0,8.05,87.0,0,1
92,0,3,20.0,0,0,7.8542,2,0,3,-1,0,7.8542,60.0,0,1
93,0,1,46.0,1,0,61.175,2,1,3,5,-1,30.5875,46.0,0,1
94,0,3,26.0,1,2,20.575,2,3,3,-1,0,5.14375,78.0,0,1
95,0,3,59.0,0,0,7.25,2,0,3,-1,0,7.25,177.0,0,1
96,0,3,25.14061971830986,0,0,8.05,2,0,3,-1,0,8.05,75.42185915492958,0,1
97,0,1,71.0,0,0,34.6542,0,0,3,1,-1,34.6542,71.0,0,1
98,1,1,23.0,0,1,63.3583,0,1,3,4,1,31.67915,23.0,0,1
99,1,2,34.0,0,1,23.0,2,1,4,-1,0,11.5,68.0,1,0
100,0,2,34.0,1,0,26.0,2,1,3,-1,0,13.0,68.0,0,1
101,0,3,28.0,0,0,7.8958,2,0,2,-1,0,7.8958,84.0,1,0
102,0,3,25.14061971830986,0,0,7.8958,2,0,3,-1,0,7.8958,75.42185915492958,0,1
103,0,1,21.0,0,1,77.2875,2,1,3,4,1,38.64375,21.0,0,1
104,0,3,33.0,0,0,8.6542,2,0,3,-1,0,8.6542,99.0,0,1
105,0,3,37.0,2,0,7.925,2,2,3,-1,0,2.6416666666666666,111.0,0,1
106,0,3,28.0,0,0,7.8958,2,0,3,-1,0,7.8958,84.0,0,1
107,1,3,21.0,0,0,7.65,2,0,2,-1,0,7.65,63.0,1,0
108,1,3,25.14061971830986,0,0,7.775,2,0,3,-1,0,7.775,75.42185915492958,0,1
109,0,3,38.0,0,0,7.8958,2,0,3,-1,0,7.8958,114.0,0,1
110,1,3,25.14061971830986,1,0,24.15,1,1,2,-1,0,12.075,75.42185915492958,1,0
111,0,1,47.0,0,0,52.0,2,0,3,3,1,52.0,47.0,0,1
112,0,3,14.5,1,0,14.4542,0,1,2,-1,0,7.2271,43.5,1,0
113,0,3,22.0,0,0,8.05,2,0,3,-1,0,8.05,66.0,0,1
114,0,3,20.0,1,0,9.825,2,1,2,-1,0,4.9125,60.0,1,0
115,0,3,17.0,0,0,14.4583,0,0,2,-1,0,14.4583,51.0,1,0
116,0,3,21.0,0,0,7.925,2,0,3,-1,0,7.925,63.0,0,1
117,0,3,70.5,0,0,7.75,1,0,3,-1,0,7.75,211.5,0,1
118,0,2,29.0,1,0,21.0,2,1,3,-1,0,10.5,58.0,0,1
119,0,1,24.0,0,1,247.5208,0,1,3,2,1,123.7604,24.0,0,1
120,0,3,2.0,4,2,31.275,2,6,2,-1,0,4.4678571428571425,6.0,1,0
121,0,2,21.0,2,0,73.5,2,2,3,-1,0,24.5,42.0,0,1
122,0,3,25.14061971830986,0,0,8.05,2,0,3,-1,0,8.05,75.42185915492958,0,1
123,0,2,32.5,1,0,30.0708,0,1,3,-1,0,15.0354,65.0,0,1
124,1,2,32.5,0,0,13.0,2,0,2,5,-1,13.0,65.0,1,0
125,0,1,54.0,0,1,77.2875,2,1,3,4,1,38.64375,54.0,0,1
126,1,3,12.0,1,0,11.2417,0,1,1,-1,0,5.62085,36.0,0,1
127,0,3,25.14061971830986,0,0,7.75,1,0,3,-1,0,7.75,75.42185915492958,0,1
128,1,3,24.0,0,0,7.1417,2,0,3,-1,0,7.1417,72.0,0,1
129,1,3,25.14061971830986,1,1,22.3583,0,2,2,5,-1,7.452766666666666,75.42185915492958,1,0
130,0,3,45.0,0,0,6.975,2,0,3,-1,0,6.975,135.0,0,1
131,0,3,33.0,0,0,7.8958,0,0,3,-1,0,7.8958,99.0,0,1
132,0,3,20.0,0,0,7.05,2,0,3,-1,0,7.05,60.0,0,1
133,0,3,47.0,1,0,14.5,2,1,4,-1,0,7.25,141.0,1,0
134,1,2,29.0,1,0,26.0,2,1,4,-1,0,13.0,58.0,1,0
135,0,2,25.0,0,0,13.0,2,0,3,-1,0,13.0,50.0,0,1
136,0,2,23.0,0,0,15.0458,0,0,3,-1,0,15.0458,46.0,0,1
137,1,1,19.0,0,2,26.2833,2,2,2,4,-1,8.7611,19.0,1,0
138,0,1,37.0,1,0,53.1,2,1,3,3,-1,26.55,37.0,0,1
139,0,3,16.0,0,0,9.2167,2,0,3,-1,0,9.2167,48.0,0,1
140,0,1,24.0,0,0,79.2,0,0,3,2,1,79.2,24.0,0,1
141,0,3,25.14061971830986,0,2,15.2458,0,2,4,-1,0,5.081933333333333,75.42185915492958,1,0
142,1,3,22.0,0,0,7.75,2,0,2,-1,0,7.75,66.0,1,0
143,1,3,24.0,1,0,15.85,2,1,4,-1,0,7.925,72.0,1,0
144,0,3,19.0,0,0,6.75,1,0,3,-1,0,6.75,57.0,0,1
145,0,2,18.0,0,0,11.5,2,0,3,-1,0,11.5,36.0,0,1
146,0,2,19.0,1,1,36.75,2,2,3,-1,0,12.25,38.0,0,1
147,1,3,27.0,0,0,7.7958,2,0,3,-1,0,7.7958,81.0,0,1
148,0,3,9.0,2,2,34.375,2,4,2,-1,0,6.875,27.0,1,0
149,0,2,36.5,0,2,26.0,2,2,3,6,1,8.666666666666666,73.0,0,1
150,0,2,42.0,0,0,13.0,2,0,3,-1,0,13.0,84.0,0,1
151,0,2,51.0,0,0,12.525,2,0,3,-1,0,12.525,102.0,0,1
152,1,1,22.0,1,0,66.6,2,1,4,3,1,33.3,22.0,1,0
153,0,3,55.5,0,0,8.05,2,0,3,-1,0,8.05,166.5,0,1
154,0,3,40.5,0,2,14.5,2,2,3,-1,0,4.833333333333333,121.5,0,1
155,0,3,25.14061971830986,0,0,7.3125,2,0,3,-1,0,7.3125,75.42185915492958,0,1
156,0,1,51.0,0,1,61.3792,0,1,3,-1,0,30.6896,51.0,0,1
157,1,3,16.0,0,0,7.7333,1,0,2,-1,0,7.7333,48.0,1,0
158,0,3,30.0,0,0,8.05,2,0,3,-1,0,8.05,90.0,0,1
159,0,3,25.14061971830986,0,0,8.6625,2,0,3,-1,0,8.6625,75.42185915492958,0,1
160,0,3,25.14061971830986,8,2,69.55,2,10,1,-1,0,6.322727272727272,75.42185915492958,0,1
161,0,3,44.0,0,1,16.1,2,1,3,-1,0,8.05,132.0,0,1
162,1,2,40.0,0,0,15.75,2,0,4,-1,0,15.75,80.0,1,0
163,0,3,26.0,0,0,7.775,2,0,3,-1,0,7.775,78.0,0,1
164,0,3,17.0,0,0,8.6625,2,0,3,-1,0,8.6625,51.0,0,1
165,0,3,1.0,4,1,39.6875,2,5,1,-1,0,6.614583333333333,3.0,1,1
166,1,3,9.0,0,2,20.525,2,2,1,-1,0,6.841666666666666,27.0,0,1
167,1,1,38.233440860215055,0,1,55.0,2,1,4,5,-1,27.5,38.233440860215055,1,0
168,0,3,45.0,1,4,27.9,2,5,4,-1,0,4.6499999999999995,135.0,1,0
169,0,1,38.233440860215055,0,0,25.925,2,0,3,-1,0,25.925,38.233440860215055,0,1
170,0,3,28.0,0,0,56.4958,2,0,3,-1,0,56.4958,84.0,0,1
171,0,1,61.0,0,0,33.5,2,0,3,2,-1,33.5,61.0,0,1
172,0,3,4.0,4,1,29.125,1,5,1,-1,0,4.854166666666667,12.0,1,1
173,1,3,1.0,1,1,11.1333,2,2,2,-1,0,3.7111,3.0,1,0
174,0,3,21.0,0,0,7.925,2,0,3,-1,0,7.925,63.0,0,1
175,0,1,56.0,0,0,30.6958,0,0,3,1,-1,30.6958,56.0,0,1
176,0,3,18.0,1,1,7.8542,2,2,3,-1,0,2.6180666666666665,54.0,0,1
177,0,3,25.14061971830986,3,1,25.4667,2,4,1,-1,0,5.0933399999999995,75.42185915492958,0,1
178,0,1,50.0,0,0,28.7125,0,0,2,3,-1,28.7125,50.0,1,0
179,0,2,30.0,0,0,13.0,2,0,3,-1,0,13.0,60.0,0,1
180,0,3,36.0,0,0,13.787874948665301,2,0,3,-1,0,13.787874948665301,108.0,0,1
181,0,3,25.14061971830986,8,2,69.55,2,10,2,-1,0,6.322727272727272,75.42185915492958,1,0
182,0,2,29.87763005780347,0,0,15.05,0,0,3,-1,0,15.05,59.75526011560694,0,1
183,0,3,9.0,4,2,31.3875,2,6,1,-1,0,4.483928571428572,27.0,0,1
184,1,2,1.0,2,1,39.0,2,3,1,6,1,9.75,2.0,1,1
185,1,3,4.0,0,2,22.025,2,2,2,-1,0,7.341666666666666,12.0,1,0
186,0,1,38.233440860215055,0,0,50.0,2,0,3,1,1,50.0,38.233440860215055,0,1
187,1,3,25.14061971830986,1,0,15.5,1,1,4,-1,0,7.75,75.42185915492958,1,0
188,1,1,45.0,0,0,26.55,2,0,3,-1,0,26.55,45.0,0,1
189,0,3,40.0,1,1,15.5,1,2,3,-1,0,5.166666666666667,120.0,0,1
190,0,3,36.0,0,0,7.8958,2,0,3,-1,0,7.8958,108.0,0,1
191,1,2,32.0,0,0,13.0,2,0,4,-1,0,13.0,64.0,1,0
192,0,2,19.0,0,0,13.0,2,0,3,-1,0,13.0,38.0,0,1
193,1,3,19.0,1,0,7.8542,2,1,2,-1,0,3.9271,57.0,1,0
194,1,2,3.0,1,1,26.0,2,2,1,6,1,8.666666666666666,6.0,1,1
195,1,1,44.0,0,0,27.7208,0,0,4,2,1,27.7208,44.0,1,0
196,1,1,58.0,0,0,146.5208,0,0,2,2,1,146.5208,58.0,1,0
197,0,3,25.14061971830986,0,0,7.75,1,0,3,-1,0,7.75,75.42185915492958,0,1
198,0,3,42.0,0,1,8.4042,2,1,3,-1,0,4.2021,126.0,0,1
199,1,3,25.14061971830986,0,0,7.75,1,0,2,-1,0,7.75,75.42185915492958,1,0
200,0,2,24.0,0,0,13.0,2,0,4,-1,0,13.0,48.0,1,0
201,0,3,28.0,0,0,9.5,2,0,3,-1,0,9.5,84.0,0,1
202,0,3,25.14061971830986,8,2,69.55,2,10,3,-1,0,6.322727272727272,75.42185915492958,0,1
203,0,3,34.0,0,0,6.4958,2,0,3,-1,0,6.4958,102.0,0,1
204,0,3,45.5,0,0,7.225,0,0,3,-1,0,7.225,136.5,0,1
205,1,3,18.0,0,0,8.05,2,0,3,-1,0,8.05,54.0,0,1
206,0,3,2.0,0,1,10.4625,2,1,2,8,1,5.23125,6.0,1,0
207,0,3,32.0,1,0,15.85,2,1,3,-1,0,7.925,96.0,0,1
208,1,3,26.0,0,0,18.7875,0,0,3,-1,0,18.7875,78.0,0,1
209,1,3,16.0,0,0,7.75,1,0,2,-1,0,7.75,48.0,1,0
210,1,1,40.0,0,0,31.0,0,0,3,1,-1,31.0,40.0,0,1
211,0,3,24.0,0,0,7.05,2,0,3,-1,0,7.05,72.0,0,1
212,1,2,35.0,0,0,21.0,2,0,2,-1,0,21.0,70.0,1,0
213,0,3,22.0,0,0,7.25,2,0,3,-1,0,7.25,66.0,0,1
214,0,2,30.0,0,0,13.0,2,0,3,-1,0,13.0,60.0,0,1
215,0,3,25.14061971830986,1,0,7.75,1,1,3,-1,0,3.875,75.42185915492958,0,1
216,1,1,31.0,1,0,113.275,0,1,2,4,1,56.6375,31.0,1,0
217,1,3,27.0,0,0,7.925,2,0,2,-1,0,7.925,81.0,1,0
218,0,2,42.0,1,0,27.0,2,1,3,-1,0,13.5,84.0,0,1
219,1,1,32.0,0,0,76.2917,0,0,2,4,-1,76.2917,32.0,1,0
220,0,2,30.0,0,0,10.5,2,0,3,-1,0,10.5,60.0,0,1
221,1,3,16.0,0,0,8.05,2,0,3,-1,0,8.05,48.0,0,1
222,0,2,27.0,0,0,13.0,2,0,3,-1,0,13.0,54.0,0,1
223,0,3,51.0,0,0,8.05,2,0,3,-1,0,8.05,153.0,0,1
224,0,3,25.14061971830986,0,0,7.8958,2,0,3,-1,0,7.8958,75.42185915492958,0,1
225,1,1,38.0,1,0,90.0,2,1,3,3,-1,45.0,38.0,0,1
226,0,3,22.0,0,0,9.35,2,0,3,-1,0,9.35,66.0,0,1
227,1,2,19.0,0,0,10.5,2,0,3,-1,0,10.5,38.0,0,1
228,0,3,20.5,0,0,7.25,2,0,3,-1,0,7.25,61.5,0,1
229,0,2,18.0,0,0,13.0,2,0,3,-1,0,13.0,36.0,0,1
230,0,3,25.14061971830986,3,1,25.4667,2,4,2,-1,0,5.0933399999999995,75.42185915492958,1,0
231,1,1,35.0,1,0,83.475,2,1,4,3,-1,41.7375,35.0,1,0
232,0,3,29.0,0,0,7.775,2,0,3,-1,0,7.775,87.0,0,1
233,0,2,59.0,0,0,13.5,2,0,3,-1,0,13.5,118.0,0,1
234,1,3,5.0,4,2,31.3875,2,6,2,-1,0,4.483928571428572,15.0,1,0
235,0,2,24.0,0,0,10.5,2,0,3,-1,0,10.5,48.0,0,1
236,0,3,25.14061971830986,0,0,7.55,2,0,2,-1,0,7.55,75.42185915492958,1,0
237,0,2,44.0,1,0,26.0,2,1,3,-1,0,13.0,88.0,0,1
238,1,2,8.0,0,2,26.25,2,2,2,-1,0,8.75,16.0,1,0
239,0,2,19.0,0,0,10.5,2,0,3,-1,0,10.5,38.0,0,1
240,0,2,33.0,0,0,12.275,2,0,3,-1,0,12.275,66.0,0,1
241,0,3,25.14061971830986,1,0,14.4542,0,1,2,-1,0,7.2271,75.42185915492958,1,0
242,1,3,25.14061971830986,1,0,15.5,1,1,2,-1,0,7.75,75.42185915492958,1,0
243,0,2,29.0,0,0,10.5,2,0,3,-1,0,10.5,58.0,0,1
244,0,3,22.0,0,0,7.125,2,0,3,-1,0,7.125,66.0,0,1
245,0,3,30.0,0,0,7.225,0,0,3,-1,0,7.225,90.0,0,1
246,0,1,44.0,2,0,90.0,1,2,4,3,1,30.0,44.0,0,1
247,0,3,25.0,0,0,7.775,2,0,2,-1,0,7.775,75.0,1,0
248,1,2,24.0,0,2,14.5,2,2,4,-1,0,4.833333333333333,48.0,1,0
249,1,1,37.0,1,1,52.5542,2,2,3,4,-1,17.518066666666666,37.0,0,1
250,0,2,54.0,1,0,26.0,2,1,3,-1,0,13.0,108.0,0,1
251,0,3,25.14061971830986,0,0,7.25,2,0,3,-1,0,7.25,75.42185915492958,0,1
252,0,3,29.0,1,1,10.4625,2,2,4,8,1,3.4875000000000003,87.0,1,0
253,0,1,62.0,0,0,26.55,2,0,3,3,-1,26.55,62.0,0,1
254,0,3,30.0,1,0,16.1,2,1,3,-1,0,8.05,90.0,0,1
255,0,3,41.0,0,2,20.2125,2,2,4,-1,0,6.7375,123.0,1,0
256,1,3,29.0,0,2,15.2458,0,2,4,-1,0,5.081933333333333,87.0,1,0
257,1,1,38.233440860215055,0,0,79.2,0,0,4,-1,0,79.2,38.233440860215055,1,0
258,1,1,30.0,0,0,86.5,2,0,2,2,-1,86.5,30.0,1,0
259,1,1,35.0,0,0,512.3292,0,0,2,-1,0,512.3292,35.0,1,0
260,1,2,50.0,0,1,26.0,2,1,4,-1,0,13.0,100.0,1,0
261,0,3,25.14061971830986,0,0,7.75,1,0,3,-1,0,7.75,75.42185915492958,0,1
262,1,3,3.0,4,2,31.3875,2,6,1,-1,0,4.483928571428572,9.0,1,1
263,0,1,52.0,1,1,79.65,2,2,3,5,-1,26.55,52.0,0,1
264,0,1,40.0,0,0,86.14887440758287,2,0,3,2,1,86.14887440758287,40.0,0,1
265,0,3,25.14061971830986,0,0,7.75,1,0,2,-1,0,7.75,75.42185915492958,1,0
266,0,2,36.0,0,0,10.5,2,0,3,-1,0,10.5,72.0,0,1
267,0,3,16.0,4,1,39.6875,2,5,3,-1,0,6.614583333333333,48.0,0,1
268,1,3,25.0,1,0,7.775,2,1,3,-1,0,3.8875,75.0,0,1
269,1,1,58.0,0,1,153.4625,2,1,4,3,-1,76.73125,58.0,1,0
270,1,1,35.0,0,0,135.6333,2,0,2,3,-1,135.6333,35.0,1,0
271,0,1,38.233440860215055,0,0,31.0,2,0,3,-1,0,31.0,38.233440860215055,0,1
272,1,3,25.0,0,0,13.787874948665301,2,0,3,-1,0,13.787874948665301,75.0,0,1
273,1,2,41.0,0,1,19.5,2,1,4,-1,0,9.75,82.0,1,0
274,0,1,37.0,0,1,29.7,0,1,3,3,1,14.85,37.0,0,1
275,1,3,25.14061971830986,0,0,7.75,1,0,2,-1,0,7.75,75.42185915492958,1,0
276,1,1,63.0,1,0,77.9583,2,1,2,4,-1,38.97915,63.0,1,0
277,0,3,45.0,0,0,7.75,2,0,2,-1,0,7.75,135.0,1,0
278,0,2,29.87763005780347,0,0,21.358661235955054,2,0,3,-1,0,21.358661235955054,59.75526011560694,0,1
279,0,3,7.0,4,1,29.125,1,5,1,-1,0,4.854166666666667,21.0,1,1
280,1,3,35.0,1,1,20.25,2,2,4,-1,0,6.75,105.0,1,0
281,0,3,65.0,0,0,7.75,1,0,3,-1,0,7.75,195.0,0,1
282,0,3,28.0,0,0,7.8542,2,0,3,-1,0,7.8542,84.0,0,1
283,0,3,16.0,0,0,9.5,2,0,3,-1,0,9.5,48.0,0,1
284,1,3,19.0,0,0,8.05,2,0,3,-1,0,8.05,57.0,0,1
285,0,1,38.233440860215055,0,0,26.0,2,0,3,1,-1,26.0,38.233440860215055,0,1
286,0,3,33.0,0,0,8.6625,0,0,3,-1,0,8.6625,99.0,0,1
287,1,3,30.0,0,0,9.5,2,0,3,-1,0,9.5,90.0,0,1
288,0,3,22.0,0,0,7.8958,2,0,3,-1,0,7.8958,66.0,0,1
289,1,2,42.0,0,0,13.0,2,0,3,-1,0,13.0,84.0,0,1
290,1,3,22.0,0,0,7.75,1,0,2,-1,0,7.75,66.0,1,0
291,1,1,26.0,0,0,78.85,2,0,2,-1,0,78.85,26.0,1,0
292,1,1,19.0,1,0,91.0792,0,1,4,2,-1,45.5396,19.0,1,0
293,0,2,36.0,0,0,12.875,0,0,3,4,0,12.875,72.0,0,1
294,0,3,24.0,0,0,8.85,2,0,2,-1,0,8.85,72.0,1,0
295,0,3,24.0,0,0,7.8958,2,0,3,-1,0,7.8958,72.0,0,1
296,0,1,38.233440860215055,0,0,27.7208,0,0,3,-1,0,27.7208,38.233440860215055,0,1
297,0,3,23.5,0,0,7.2292,0,0,3,-1,0,7.2292,70.5,0,1
298,0,1,2.0,1,2,151.55,2,3,2,3,1,37.8875,2.0,1,0
299,1,1,38.233440860215055,0,0,30.5,2,0,3,3,1,30.5,38.233440860215055,0,1
300,1,1,50.0,0,1,247.5208,0,1,4,2,1,123.7604,50.0,1,0
301,1,3,25.14061971830986,0,0,7.75,1,0,2,-1,0,7.75,75.42185915492958,1,0
302,1,3,25.14061971830986,2,0,23.25,1,2,3,-1,0,7.75,75.42185915492958,0,1
303,0,3,19.0,0,0,13.787874948665301,2,0,3,-1,0,13.787874948665301,57.0,0,1
304,1,2,29.87763005780347,0,0,12.35,1,0,2,5,-1,12.35,59.75526011560694,1,0
305,0,3,25.14061971830986,0,0,8.05,2,0,3,-1,0,8.05,75.42185915492958,0,1
306,1,1,0.92,1,2,151.55,2,3,1,3,1,37.8875,0.92,1,1
307,1,1,38.233440860215055,0,0,110.8833,0,0,2,-1,0,110.8833,38.233440860215055,1,0
308,1,1,17.0,1,0,108.9,0,1,4,3,-1,54.45,17.0,1,0
309,0,2,30.0,1,0,24.0,0,1,3,-1,0,12.0,60.0,0,1
310,1,1,30.0,0,0,56.9292,0,0,2,5,1,56.9292,30.0,1,0
311,1,1,24.0,0,0,83.1583,0,0,2,3,1,83.1583,24.0,1,0
312,1,1,18.0,2,2,262.375,0,4,2,2,1,52.475,18.0,1,0
313,0,2,26.0,1,1,26.0,2,2,4,-1,0,8.666666666666666,52.0,1,0
314,0,3,28.0,0,0,7.8958,2,0,3,-1,0,7.8958,84.0,0,1
315,0,2,43.0,1,1,26.25,2,2,3,-1,0,8.75,86.0,0,1
316,1,3,26.0,0,0,7.8542,2,0,2,-1,0,7.8542,78.0,1,0
317,1,2,24.0,1,0,26.0,2,1,4,-1,0,13.0,48.0,1,0
318,0,2,54.0,0,0,14.0,2,0,4,-1,0,14.0,108.0,0,1
319,1,1,31.0,0,2,164.8667,2,2,2,3,-1,54.95556666666667,31.0,1,0
320,1,1,40.0,1,1,134.5,0,2,4,5,1,44.833333333333336,40.0,1,0
321,0,3,22.0,0,0,7.25,2,0,3,-1,0,7.25,66.0,0,1
322,0,3,27.0,0,0,7.8958,2,0,3,-1,0,7.8958,81.0,0,1
323,1,2,30.0,0,0,12.35,1,0,2,-1,0,12.35,60.0,1,0
324,1,2,22.0,1,1,29.0,2,2,4,-1,0,9.666666666666666,44.0,1,0
325,0,3,25.14061971830986,8,2,69.55,2,10,3,-1,0,6.322727272727272,75.42185915492958,0,1
326,1,1,36.0,0,0,135.6333,0,0,2,3,1,135.6333,36.0,1,0
327,0,3,61.0,0,0,6.2375,2,0,3,-1,0,6.2375,183.0,0,1
328,1,2,36.0,0,0,13.0,2,0,4,4,0,13.0,72.0,1,0
329,1,3,31.0,1,1,20.525,2,2,4,-1,0,6.841666666666666,93.0,1,0
330,1,1,16.0,0,1,57.9792,0,1,2,2,1,28.9896,16.0,1,0
331,1,3,25.14061971830986,2,0,23.25,1,2,2,-1,0,7.75,75.42185915492958,1,0
332,0,1,45.5,0,0,28.5,2,0,3,3,1,28.5,45.5,0,1
333,0,1,38.0,0,1,153.4625,2,1,3,3,-1,76.73125,38.0,0,1
334,0,3,16.0,2,0,18.0,2,2,3,-1,0,6.0,48.0,0,1
335,1,1,38.233440860215055,1,0,133.65,2,1,4,-1,0,66.825,38.233440860215055,1,0
336,0,3,25.14061971830986,0,0,7.8958,2,0,3,-1,0,7.8958,75.42185915492958,0,1
337,0,1,29.0,1,0,66.6,2,1,3,3,1,33.3,29.0,0,1
338,1,1,41.0,0,0,134.5,0,0,2,5,1,134.5,41.0,1,0
339,1,3,45.0,0,0,8.05,2,0,3,-1,0,8.05,135.0,0,1
340,0,1,45.0,0,0,35.5,2,0,3,7,0,35.5,45.0,0,1
341,1,2,2.0,1,1,26.0,2,2,1,6,1,8.666666666666666,4.0,1,1
342,1,1,24.0,3,2,263.0,2,5,2,3,-1,43.833333333333336,24.0,1,0
343,0,2,28.0,0,0,13.0,2,0,3,-1,0,13.0,56.0,0,1
344,0,2,25.0,0,0,13.0,2,0,3,-1,0,13.0,50.0,0,1
345,0,2,36.0,0,0,13.0,2,0,3,-1,0,13.0,72.0,0,1
346,1,2,24.0,0,0,13.0,2,0,2,6,-1,13.0,48.0,1,0
347,1,2,40.0,0,0,13.0,2,0,2,-1,0,13.0,80.0,1,0
348,1,3,25.14061971830986,1,0,16.1,2,1,4,-1,0,8.05,75.42185915492958,1,0
349,1,3,3.0,1,1,15.9,2,2,1,-1,0,5.3,9.0,1,1
350,0,3,42.0,0,0,8.6625,2,0,3,-1,0,8.6625,126.0,0,1
351,0,3,23.0,0,0,9.225,2,0,3,-1,0,9.225,69.0,0,1
352,0,1,38.233440860215055,0,0,35.0,2,0,3,3,1,35.0,38.233440860215055,0,1
353,0,3,15.0,1,1,7.2292,0,2,3,-1,0,2.409733333333333,45.0,0,1
354,0,3,25.0,1,0,17.8,2,1,3,-1,0,8.9,75.0,0,1
355,0,3,25.14061971830986,0,0,7.225,0,0,3,-1,0,7.225,75.42185915492958,0,1
356,0,3,28.0,0,0,9.5,2,0,3,-1,0,9.5,84.0,0,1
357,1,1,22.0,0,1,55.0,2,1,2,5,-1,27.5,22.0,1,0
358,0,2,38.0,0,0,13.0,2,0,2,-1,0,13.0,76.0,1,0
359,1,3,25.14061971830986,0,0,7.8792,1,0,2,-1,0,7.8792,75.42185915492958,1,0
360,1,3,25.14061971830986,0,0,7.8792,1,0,2,-1,0,7.8792,75.42185915492958,1,0
361,0,3,40.0,1,4,27.9,2,5,3,-1,0,4.6499999999999995,120.0,0,1
362,0,2,29.0,1,0,27.7208,0,1,3,-1,0,13.8604,58.0,0,1
363,0,3,45.0,0,1,14.4542,0,1,4,-1,0,7.2271,135.0,1,0
364,0,3,35.0,0,0,7.05,2,0,3,-1,0,7.05,105.0,0,1
365,0,3,25.14061971830986,1,0,15.5,1,1,3,-1,0,7.75,75.42185915492958,0,1
366,0,3,30.0,0,0,7.25,2,0,3,-1,0,7.25,90.0,0,1
367,1,1,60.0,1,0,75.25,0,1,4,4,-1,37.625,60.0,1,0
368,1,3,25.14061971830986,0,0,7.2292,0,0,4,-1,0,7.2292,75.42185915492958,1,0
369,1,3,25.14061971830986,0,0,7.75,1,0,2,-1,0,7.75,75.42185915492958,1,0
370,1,1,24.0,0,0,69.3,0,0,4,2,-1,69.3,24.0,1,0
371,1,1,25.0,1,0,55.4417,0,1,3,5,1,27.72085,25.0,0,1
372,0,3,18.0,1,0,6.4958,2,1,3,-1,0,3.2479,54.0,0,1
373,0,3,19.0,0,0,8.05,2,0,3,-1,0,8.05,57.0,0,1
374,0,1,22.0,0,0,135.6333,0,0,3,-1,0,135.6333,22.0,0,1
375,0,3,3.0,3,1,21.075,2,4,2,-1,0,4.215,9.0,1,0
376,1,1,38.233440860215055,1,0,82.1708,0,1,4,-1,0,41.0854,38.233440860215055,1,0
377,1,3,22.0,0,0,7.25,2,0,2,-1,0,7.25,66.0,1,0
378,0,1,27.0,0,2,211.5,0,2,3,3,1,70.5,27.0,0,1
379,0,3,20.0,0,0,4.0125,0,0,3,-1,0,4.0125,60.0,0,1
380,0,3,19.0,0,0,7.775,2,0,3,-1,0,7.775,57.0,0,1
381,1,1,42.0,0,0,227.525,0,0,2,-1,0,227.525,42.0,1,0
382,1,3,1.0,0,2,15.7417,0,2,2,-1,0,5.247233333333333,3.0,1,0
383,0,3,32.0,0,0,7.925,2,0,3,-1,0,7.925,96.0,0,1
384,1,1,35.0,1,0,52.0,2,1,4,-1,0,26.0,35.0,1,0
385,0,3,25.14061971830986,0,0,7.8958,2,0,3,-1,0,7.8958,75.42185915492958,0,1
386,0,2,18.0,0,0,73.5,2,0,3,-1,0,73.5,36.0,0,1
387,0,3,1.0,5,2,46.9,2,7,1,-1,0,5.8625,3.0,1,1
388,1,2,36.0,0,0,13.0,2,0,2,-1,0,13.0,72.0,1,0
389,0,3,25.14061971830986,0,0,7.7292,1,0,3,-1,0,7.7292,75.42185915492958,0,1
390,1,2,17.0,0,0,12.0,0,0,2,-1,0,12.0,34.0,1,0
391,1,1,36.0,1,2,120.0,2,3,3,2,1,30.0,36.0,0,1
392,1,3,21.0,0,0,7.7958,2,0,3,-1,0,7.7958,63.0,0,1
393,0,3,28.0,2,0,7.925,2,2,3,-1,0,2.6416666666666666,84.0,0,1
394,1,1,23.0,1,0,113.275,0,1,2,4,1,56.6375,23.0,1,0
395,1,3,24.0,0,2,16.7,2,2,4,8,1,5.566666666666666,72.0,1,0
396,0,3,22.0,0,0,7.7958,2,0,3,-1,0,7.7958,66.0,0,1
397,0,3,31.0,0,0,7.8542,2,0,2,-1,0,7.8542,93.0,1,0
398,0,2,46.0,0,0,26.0,2,0,3,-1,0,26.0,92.0,0,1
399,0,2,23.0,0,0,10.5,2,0,4,-1,0,10.5,46.0,0,1
400,1,2,28.0,0,0,12.65,2,0,4,-1,0,12.65,56.0,1,0
401,1,3,39.0,0,0,7.925,2,0,3,-1,0,7.925,117.0,0,1
402,0,3,26.0,0,0,8.05,2,0,3,-1,0,8.05,78.0,0,1
403,0,3,21.0,1,0,9.825,2,1,2,-1,0,4.9125,63.0,1,0
404,0,3,28.0,1,0,15.85,2,1,3,-1,0,7.925,84.0,0,1
405,0,3,20.0,0,0,8.6625,2,0,2,-1,0,8.6625,60.0,1,0
406,0,2,34.0,1,0,21.0,2,1,3,-1,0,10.5,68.0,0,1
407,0,3,51.0,0,0,7.75,2,0,3,-1,0,7.75,153.0,0,1
408,1,2,3.0,1,1,18.75,2,2,1,-1,0,6.25,6.0,1,1
409,0,3,21.0,0,0,7.775,2,0,3,-1,0,7.775,63.0,0,1
410,0,3,25.14061971830986,3,1,25.4667,2,4,2,-1,0,5.0933399999999995,75.42185915492958,1,0
411,0,3,25.14061971830986,0,0,7.8958,2,0,3,-1,0,7.8958,75.42185915492958,0,1
412,0,3,25.14061971830986,0,0,6.8583,1,0,3,-1,0,6.8583,75.42185915492958,0,1
413,1,1,33.0,1,0,90.0,1,1,2,3,1,45.0,33.0,1,0
414,0,2,29.87763005780347,0,0,21.358661235955054,2,0,3,-1,0,21.358661235955054,59.75526011560694,0,1
415,1,3,44.0,0,0,7.925,2,0,3,-1,0,7.925,132.0,0,1
416,0,3,25.14061971830986,0,0,8.05,2,0,4,-1,0,8.05,75.42185915492958,1,0
417,1,2,34.0,1,1,32.5,2,2,4,-1,0,10.833333333333334,68.0,1,0
418,1,2,18.0,0,2,13.0,2,2,2,-1,0,4.333333333333333,36.0,1,0
419,0,2,30.0,0,0,13.0,2,0,3,-1,0,13.0,60.0,0,1
420,0,3,10.0,0,2,24.15,2,2,2,-1,0,8.049999999999999,30.0,1,0
421,0,3,25.14061971830986,0,0,7.8958,0,0,3,-1,0,7.8958,75.42185915492958,0,1
422,0,3,21.0,0,0,7.7333,1,0,3,-1,0,7.7333,63.0,0,1
423,0,3,29.0,0,0,7.875,2,0,3,-1,0,7.875,87.0,0,1
424,0,3,28.0,1,1,14.4,2,2,4,-1,0,4.8,84.0,1,0
425,0,3,18.0,1,1,20.2125,2,2,3,-1,0,6.7375,54.0,0,1
426,0,3,25.14061971830986,0,0,7.25,2,0,3,-1,0,7.25,75.42185915492958,0,1
427,1,2,28.0,1,0,26.0,2,1,4,-1,0,13.0,56.0,1,0
428,1,2,19.0,0,0,26.0,2,0,4,-1,0,26.0,38.0,1,0
429,0,3,25.14061971830986,0,0,7.75,1,0,3,-1,0,7.75,75.42185915492958,0,1
430,1,3,32.0,0,0,8.05,2,0,3,5,1,8.05,96.0,0,1
431,1,1,28.0,0,0,26.55,2,0,3,3,1,26.55,28.0,0,1
432,1,3,25.14061971830986,1,0,16.1,2,1,4,-1,0,8.05,75.42185915492958,1,0
433,1,2,42.0,1,0,26.0,2,1,4,-1,0,13.0,84.0,1,0
434,0,3,17.0,0,0,7.125,2,0,3,-1,0,7.125,51.0,0,1
435,0,1,50.0,1,0,55.9,2,1,3,5,1,27.95,50.0,0,1
436,1,1,14.0,1,2,120.0,2,3,2,2,1,30.0,14.0,1,0
437,0,3,21.0,2,2,34.375,2,4,2,-1,0,6.875,63.0,1,0
438,1,2,24.0,2,3,18.75,2,5,4,-1,0,3.125,48.0,1,0
439,0,1,64.0,1,4,263.0,2,5,3,3,-1,43.833333333333336,64.0,0,1
440,0,2,31.0,0,0,10.5,2,0,3,-1,0,10.5,62.0,0,1
441,1,2,45.0,1,1,26.25,2,2,4,-1,0,8.75,90.0,1,0
442,0,3,20.0,0,0,9.5,2,0,3,-1,0,9.5,60.0,0,1
443,0,3,25.0,1,0,7.775,2,1,3,-1,0,3.8875,75.0,0,1
444,1,2,28.0,0,0,13.0,2,0,2,-1,0,13.0,56.0,1,0
445,1,3,25.14061971830986,0,0,8.1125,2,0,3,-1,0,8.1125,75.42185915492958,0,1
446,1,1,4.0,0,2,81.8583,2,2,1,1,1,27.2861,4.0,1,1
447,1,2,13.0,0,1,19.5,2,1,2,-1,0,9.75,26.0,1,0
448,1,1,34.0,0,0,26.55,2,0,3,-1,0,26.55,34.0,0,1
449,1,3,5.0,2,1,19.2583,0,3,2,-1,0,4.814575,15.0,1,0
450,1,1,52.0,0,0,30.5,2,0,3,3,1,30.5,52.0,0,1
451,0,2,36.0,1,2,27.75,2,3,3,-1,0,6.9375,72.0,0,1
452,0,3,25.14061971830986,1,0,19.9667,2,1,3,-1,0,9.98335,75.42185915492958,0,1
453,0,1,30.0,0,0,27.75,0,0,3,3,-1,27.75,30.0,0,1
454,1,1,49.0,1,0,89.1042,0,1,3,3,1,44.5521,49.0,0,1
455,0,3,25.14061971830986,0,0,8.05,2,0,3,-1,0,8.05,75.42185915492958,0,1
456,1,3,29.0,0,0,7.8958,0,0,3,-1,0,7.8958,87.0,0,1
457,0,1,65.0,0,0,26.55,2,0,3,5,1,26.55,65.0,0,1
458,1,1,38.233440860215055,1,0,51.8625,2,1,4,4,-1,25.93125,38.233440860215055,1,0
459,1,2,50.0,0,0,10.5,2,0,2,-1,0,10.5,100.0,1,0
460,0,3,25.14061971830986,0,0,7.75,1,0,3,-1,0,7.75,75.42185915492958,0,1
461,1,1,48.0,0,0,26.55,2,0,3,5,1,26.55,48.0,0,1
462,0,3,34.0,0,0,8.05,2,0,3,-1,0,8.05,102.0,0,1
463,0,1,47.0,0,0,38.5,2,0,3,5,-1,38.5,47.0,0,1
464,0,2,48.0,0,0,13.0,2,0,3,-1,0,13.0,96.0,0,1
465,0,3,25.14061971830986,0,0,8.05,2,0,3,-1,0,8.05,75.42185915492958,0,1
466,0,3,38.0,0,0,7.05,2,0,3,-1,0,7.05,114.0,0,1
467,0,2,29.87763005780347,0,0,21.358661235955054,2,0,3,-1,0,21.358661235955054,59.75526011560694,0,1
468,0,1,56.0,0,0,26.55,2,0,3,-1,0,26.55,56.0,0,1
469,0,3,25.14061971830986,0,0,7.725,1,0,3,-1,0,7.725,75.42185915492958,0,1
470,1,3,0.75,2,1,19.2583,0,3,2,-1,0,4.814575,2.25,1,0
471,0,3,25.14061971830986,0,0,7.25,2,0,3,-1,0,7.25,75.42185915492958,0,1
472,0,3,38.0,0,0,8.6625,2,0,3,-1,0,8.6625,114.0,0,1
473,1,2,33.0,1,2,27.75,2,3,4,-1,0,6.9375,66.0,1,0
474,1,2,23.0,0,0,13.7917,0,0,4,4,0,13.7917,46.0,1,0
475,0,3,22.0,0,0,9.8375,2,0,2,-1,0,9.8375,66.0,1,0
476,0,1,38.233440860215055,0,0,52.0,2,0,3,1,1,52.0,38.233440860215055,0,1
477,0,2,34.0,1,0,21.0,2,1,3,-1,0,10.5,68.0,0,1
478,0,3,29.0,1,0,7.0458,2,1,3,-1,0,3.5229,87.0,0,1
479,0,3,22.0,0,0,7.5208,2,0,3,-1,0,7.5208,66.0,0,1
480,1,3,2.0,0,1,12.2875,2,1,2,-1,0,6.14375,6.0,1,0
481,0,3,9.0,5,2,46.9,2,7,1,-1,0,5.8625,27.0,0,1
482,0,2,29.87763005780347,0,0,21.358661235955054,2,0,3,-1,0,21.358661235955054,59.75526011560694,0,1
483,0,3,50.0,0,0,8.05,2,0,3,-1,0,8.05,150.0,0,1
484,1,3,63.0,0,0,9.5875,2,0,4,-1,0,9.5875,189.0,1,0
485,1,1,25.0,1,0,91.0792,0,1,3,2,-1,45.5396,25.0,0,1
486,0,3,25.14061971830986,3,1,25.4667,2,4,2,-1,0,5.0933399999999995,75.42185915492958,1,0
487,1,1,35.0,1,0,90.0,2,1,4,3,-1,45.0,35.0,1,0
488,0,1,58.0,0,0,29.7,0,0,3,2,-1,29.7,58.0,0,1
489,0,3,30.0,0,0,8.05,2,0,3,-1,0,8.05,90.0,0,1
490,1,3,9.0,1,1,15.9,2,2,1,-1,0,5.3,27.0,0,1
491,0,3,25.14061971830986,1,0,19.9667,2,1,3,-1,0,9.98335,75.42185915492958,0,1
492,0,3,21.0,0,0,7.25,2,0,3,-1,0,7.25,63.0,0,1
493,0,1,55.0,0,0,30.5,2,0,3,3,1,30.5,55.0,0,1
494,0,1,71.0,0,0,49.5042,0,0,3,-1,0,49.5042,71.0,0,1
495,0,3,21.0,0,0,8.05,2,0,3,-1,0,8.05,63.0,0,1
496,0,3,25.14061971830986,0,0,14.4583,0,0,3,-1,0,14.4583,75.42185915492958,0,1
497,1,1,54.0,1,0,78.2667,0,1,2,4,1,39.13335,54.0,1,0
498,0,3,25.14061971830986,0,0,15.1,2,0,3,-1,0,15.1,75.42185915492958,0,1
499,0,1,25.0,1,2,151.55,2,3,4,3,1,37.8875,25.0,1,0
500,0,3,24.0,0,0,7.7958,2,0,3,-1,0,7.7958,72.0,0,1
501,0,3,17.0,0,0,8.6625,2,0,3,-1,0,8.6625,51.0,0,1
502,0,3,21.0,0,0,7.75,1,0,2,-1,0,7.75,63.0,1,0
503,0,3,25.14061971830986,0,0,7.6292,1,0,2,-1,0,7.6292,75.42185915492958,1,0
504,0,3,37.0,0,0,9.5875,2,0,2,-1,0,9.5875,111.0,1,0
505,1,1,16.0,0,0,86.5,2,0,2,2,-1,86.5,16.0,1,0
506,0,1,18.0,1,0,108.9,0,1,3,3,-1,54.45,18.0,0,1
507,1,2,33.0,0,2,26.0,2,2,4,-1,0,8.666666666666666,66.0,1,0
508,1,1,38.233440860215055,0,0,26.55,2,0,3,-1,0,26.55,38.233440860215055,0,1
509,0,3,28.0,0,0,22.525,2,0,3,-1,0,22.525,84.0,0,1
510,1,3,26.0,0,0,56.4958,2,0,3,-1,0,56.4958,78.0,0,1
511,1,3,29.0,0,0,7.75,1,0,3,-1,0,7.75,87.0,0,1
512,0,3,25.14061971830986,0,0,8.05,2,0,3,-1,0,8.05,75.42185915492958,0,1
513,1,1,36.0,0,0,26.2875,2,0,3,5,-1,26.2875,36.0,0,1
514,1,1,54.0,1,0,59.4,0,1,4,-1,0,29.7,54.0,1,0
515,0,3,24.0,0,0,7.4958,2,0,3,-1,0,7.4958,72.0,0,1
516,0,1,47.0,0,0,34.0208,2,0,3,4,1,34.0208,47.0,0,1
517,1,2,34.0,0,0,10.5,2,0,4,6,-1,10.5,68.0,1,0
518,0,3,25.14061971830986,0,0,24.15,1,0,3,-1,0,24.15,75.42185915492958,0,1
519,1,2,36.0,1,0,26.0,2,1,4,-1,0,13.0,72.0,1,0
520,0,3,32.0,0,0,7.8958,2,0,3,-1,0,7.8958,96.0,0,1
521,1,1,30.0,0,0,93.5,2,0,2,2,-1,93.5,30.0,1,0
522,0,3,22.0,0,0,7.8958,2,0,3,-1,0,7.8958,66.0,0,1
523,0,3,25.14061971830986,0,0,7.225,0,0,3,-1,0,7.225,75.42185915492958,0,1
524,1,1,44.0,0,1,57.9792,0,1,4,2,1,28.9896,44.0,1,0
525,0,3,25.14061971830986,0,0,7.2292,0,0,3,-1,0,7.2292,75.42185915492958,0,1
526,0,3,40.5,0,0,7.75,1,0,3,-1,0,7.75,121.5,0,1
527,1,2,50.0,0,0,10.5,2,0,2,-1,0,10.5,100.0,1,0
528,0,1,38.233440860215055,0,0,221.7792,2,0,3,3,-1,221.7792,38.233440860215055,0,1
529,0,3,39.0,0,0,7.925,2,0,3,-1,0,7.925,117.0,0,1
530,0,2,23.0,2,1,11.5,2,3,3,-1,0,2.875,46.0,0,1
531,1,2,2.0,1,1,26.0,2,2,2,-1,0,8.666666666666666,4.0,1,0
532,0,3,25.14061971830986,0,0,7.2292,0,0,3,-1,0,7.2292,75.42185915492958,0,1
533,0,3,17.0,1,1,7.2292,0,2,3,-1,0,2.409733333333333,51.0,0,1
534,1,3,25.14061971830986,0,2,22.3583,0,2,4,-1,0,7.452766666666666,75.42185915492958,1,0
535,0,3,30.0,0,0,8.6625,2,0,2,-1,0,8.6625,90.0,1,0
536,1,2,7.0,0,2,26.25,2,2,2,-1,0,8.75,14.0,1,0
537,0,1,45.0,0,0,26.55,2,0,3,2,1,26.55,45.0,0,1
538,1,1,30.0,0,0,106.425,0,0,2,-1,0,106.425,30.0,1,0
539,0,3,25.14061971830986,0,0,14.5,2,0,3,-1,0,14.5,75.42185915492958,0,1
540,1,1,22.0,0,2,49.5,0,2,2,2,-1,16.5,22.0,1,0
541,1,1,36.0,0,2,71.0,2,2,2,2,1,23.666666666666668,36.0,1,0
542,0,3,9.0,4,2,31.275,2,6,2,-1,0,4.4678571428571425,27.0,1,0
543,0,3,11.0,4,2,31.275,2,6,2,-1,0,4.4678571428571425,33.0,1,0
544,1,2,32.0,1,0,26.0,2,1,3,-1,0,13.0,64.0,0,1
545,0,1,50.0,1,0,106.425,0,1,3,3,1,53.2125,50.0,0,1
546,0,1,64.0,0,0,26.0,2,0,3,-1,0,26.0,64.0,0,1
547,1,2,19.0,1,0,26.0,2,1,4,-1,0,13.0,38.0,1,0
548,1,2,29.87763005780347,0,0,13.8625,0,0,3,-1,0,13.8625,59.75526011560694,0,1
549,0,3,33.0,1,1,20.525,2,2,3,-1,0,6.841666666666666,99.0,0,1
550,1,2,8.0,1,1,36.75,2,2,1,-1,0,12.25,16.0,0,1
551,1,1,17.0,0,2,110.8833,0,2,3,3,1,36.9611,17.0,0,1
552,0,2,27.0,0,0,26.0,2,0,3,-1,0,26.0,54.0,0,1
553,0,3,25.14061971830986,0,0,7.8292,1,0,3,-1,0,7.8292,75.42185915492958,0,1
554,1,3,22.0,0,0,7.225,0,0,3,-1,0,7.225,66.0,0,1
555,1,3,22.0,0,0,7.775,2,0,2,-1,0,7.775,66.0,1,0
556,0,1,62.0,0,0,26.55,2,0,3,-1,0,26.55,62.0,0,1
557,1,1,48.0,1,0,39.6,0,1,4,1,1,19.8,48.0,1,0
558,0,1,38.233440860215055,0,0,227.525,0,0,3,-1,0,227.525,38.233440860215055,0,1
559,1,1,39.0,1,1,79.65,2,2,4,5,-1,26.55,39.0,1,0
560,1,3,36.0,1,0,17.4,2,1,4,-1,0,8.7,108.0,1,0
561,0,3,25.14061971830986,0,0,7.75,1,0,3,-1,0,7.75,75.42185915492958,0,1
562,0,3,40.0,0,0,7.8958,2,0,3,-1,0,7.8958,120.0,0,1
563,0,2,28.0,0,0,13.5,2,0,3,-1,0,13.5,56.0,0,1
564,0,3,25.14061971830986,0,0,8.05,2,0,3,-1,0,8.05,75.42185915492958,0,1
565,0,3,25.14061971830986,0,0,8.05,2,0,2,-1,0,8.05,75.42185915492958,1,0
566,0,3,24.0,2,0,24.15,2,2,3,-1,0,8.049999999999999,72.0,0,1
567,0,3,19.0,0,0,7.8958,2,0,3,-1,0,7.8958,57.0,0,1
568,0,3,29.0,0,4,21.075,2,4,4,-1,0,4.215,87.0,1,0
569,0,3,25.14061971830986,0,0,7.2292,0,0,3,-1,0,7.2292,75.42185915492958,0,1
570,1,3,32.0,0,0,7.8542,2,0,3,-1,0,7.8542,96.0,0,1
571,1,2,62.0,0,0,10.5,2,0,3,-1,0,10.5,124.0,0,1
572,1,1,53.0,2,0,51.4792,2,2,4,3,-1,17.15973333333333,53.0,1,0
573,1,1,36.0,0,0,26.3875,2,0,3,5,-1,26.3875,36.0,0,1
574,1,3,25.14061971830986,0,0,7.75,1,0,2,-1,0,7.75,75.42185915492958,1,0
575,0,3,16.0,0,0,8.05,2,0,3,-1,0,8.05,48.0,0,1
576,0,3,19.0,0,0,14.5,2,0,3,-1,0,14.5,57.0,0,1
577,1,2,34.0,0,0,13.0,2,0,2,-1,0,13.0,68.0,1,0
578,1,1,39.0,1,0,55.9,2,1,4,5,1,27.95,39.0,1,0
579,0,3,25.14061971830986,1,0,14.4583,0,1,4,-1,0,7.22915,75.42185915492958,1,0
580,1,3,32.0,0,0,7.925,2,0,3,-1,0,7.925,96.0,0,1
581,1,2,25.0,1,1,30.0,2,2,2,-1,0,10.0,50.0,1,0
582,1,1,39.0,1,1,110.8833,0,2,4,3,1,36.9611,39.0,1,0
583,0,2,54.0,0,0,26.0,2,0,3,-1,0,26.0,108.0,0,1
584,0,1,36.0,0,0,40.125,0,0,3,1,1,40.125,36.0,0,1
585,0,3,25.14061971830986,0,0,8.7125,0,0,3,-1,0,8.7125,75.42185915492958,0,1
586,1,1,18.0,0,2,79.65,2,2,2,5,1,26.55,18.0,1,0
587,0,2,47.0,0,0,15.0,2,0,3,-1,0,15.0,94.0,0,1
588,1,1,60.0,1,1,79.2,0,2,3,2,-1,26.400000000000002,60.0,0,1
589,0,3,22.0,0,0,8.05,2,0,3,-1,0,8.05,66.0,0,1
590,0,3,25.14061971830986,0,0,8.05,2,0,3,-1,0,8.05,75.42185915492958,0,1
591,0,3,35.0,0,0,7.125,2,0,3,-1,0,7.125,105.0,0,1
592,1,1,52.0,1,0,78.2667,0,1,4,4,1,39.13335,52.0,1,0
593,0,3,47.0,0,0,7.25,2,0,3,-1,0,7.25,141.0,0,1
594,0,3,25.14061971830986,0,2,7.75,1,2,2,-1,0,2.5833333333333335,75.42185915492958,1,0
595,0,2,37.0,1,0,26.0,2,1,3,-1,0,13.0,74.0,0,1
596,0,3,36.0,1,1,24.15,2,2,3,-1,0,8.049999999999999,108.0,0,1
597,1,2,29.87763005780347,0,0,33.0,2,0,2,-1,0,33.0,59.75526011560694,1,0
598,0,3,49.0,0,0,13.787874948665301,2,0,3,-1,0,13.787874948665301,147.0,0,1
599,0,3,25.14061971830986,0,0,7.225,0,0,3,-1,0,7.225,75.42185915492958,0,1
600,1,1,49.0,1,0,56.9292,0,1,3,1,1,28.4646,49.0,0,1
601,1,2,24.0,2,1,27.0,2,3,4,-1,0,6.75,48.0,1,0
602,0,3,25.14061971830986,0,0,7.8958,2,0,3,-1,0,7.8958,75.42185915492958,0,1
603,0,1,38.233440860215055,0,0,42.4,2,0,3,-1,0,42.4,38.233440860215055,0,1
604,0,3,44.0,0,0,8.05,2,0,3,-1,0,8.05,132.0,0,1
605,1,1,35.0,0,0,26.55,0,0,3,-1,0,26.55,35.0,0,1
606,0,3,36.0,1,0,15.55,2,1,3,-1,0,7.775,108.0,0,1
607,0,3,30.0,0,0,7.8958,2,0,3,-1,0,7.8958,90.0,0,1
608,1,1,27.0,0,0,30.5,2,0,3,-1,0,30.5,27.0,0,1
609,1,2,22.0,1,2,41.5792,0,3,4,-1,0,10.3948,44.0,1,0
610,1,1,40.0,0,0,153.4625,2,0,2,3,-1,153.4625,40.0,1,0
611,0,3,39.0,1,5,31.275,2,6,4,-1,0,4.4678571428571425,117.0,1,0
612,0,3,25.14061971830986,0,0,7.05,2,0,3,-1,0,7.05,75.42185915492958,0,1
613,1,3,25.14061971830986,1,0,15.5,1,1,2,-1,0,7.75,75.42185915492958,1,0
614,0,3,25.14061971830986,0,0,7.75,1,0,3,-1,0,7.75,75.42185915492958,0,1
615,0,3,35.0,0,0,8.05,2,0,3,-1,0,8.05,105.0,0,1
616,1,2,24.0,1,2,65.0,2,3,2,-1,0,16.25,48.0,1,0
617,0,3,34.0,1,1,14.4,2,2,3,-1,0,4.8,102.0,0,1
618,0,3,26.0,1,0,16.1,2,1,4,-1,0,8.05,78.0,1,0
619,1,2,4.0,2,1,39.0,2,3,2,6,1,9.75,8.0,1,0
620,0,2,26.0,0,0,10.5,2,0,3,-1,0,10.5,52.0,0,1
621,0,3,27.0,1,0,14.4542,0,1,3,-1,0,7.2271,81.0,0,1
622,1,1,42.0,1,0,52.5542,2,1,3,4,-1,26.2771,42.0,0,1
623,1,3,20.0,1,1,15.7417,0,2,3,-1,0,5.247233333333333,60.0,0,1
624,0,3,21.0,0,0,7.8542,2,0,3,-1,0,7.8542,63.0,0,1
625,0,3,21.0,0,0,16.1,2,0,3,-1,0,16.1,63.0,0,1
626,0,1,61.0,0,0,32.3208,2,0,3,4,1,32.3208,61.0,0,1
627,0,2,57.0,0,0,12.35,1,0,3,-1,0,12.35,114.0,0,1
628,1,1,21.0,0,0,77.9583,2,0,2,4,-1,77.9583,21.0,1,0
629,0,3,26.0,0,0,7.8958,2,0,3,-1,0,7.8958,78.0,0,1
630,0,3,25.14061971830986,0,0,7.7333,1,0,3,-1,0,7.7333,75.42185915492958,0,1
631,1,1,80.0,0,0,30.0,2,0,3,1,-1,30.0,80.0,0,1
632,0,3,51.0,0,0,7.0542,2,0,3,-1,0,7.0542,153.0,0,1
633,1,1,32.0,0,0,30.5,0,0,4,2,1,30.5,32.0,0,1
634,0,1,38.233440860215055,0,0,86.14887440758287,2,0,3,-1,0,86.14887440758287,38.233440860215055,0,1
635,0,3,9.0,3,2,27.9,2,5,2,-1,0,4.6499999999999995,27.0,1,0
636,1,2,28.0,0,0,13.0,2,0,2,-1,0,13.0,56.0,1,0
637,0,3,32.0,0,0,7.925,2,0,3,-1,0,7.925,96.0,0,1
638,0,2,31.0,1,1,26.25,2,2,3,-1,0,8.75,62.0,0,1
639,0,3,41.0,0,5,39.6875,2,5,4,-1,0,6.614583333333333,123.0,1,0
640,0,3,25.14061971830986,1,0,16.1,2,1,3,-1,0,8.05,75.42185915492958,0,1
641,0,3,20.0,0,0,7.8542,2,0,3,-1,0,7.8542,60.0,0,1
642,1,1,24.0,0,0,69.3,0,0,2,2,-1,69.3,24.0,1,0
643,0,3,2.0,3,2,27.9,2,5,2,-1,0,4.6499999999999995,6.0,1,0
644,1,3,25.14061971830986,0,0,56.4958,2,0,3,-1,0,56.4958,75.42185915492958,0,1
645,1,3,0.75,2,1,19.2583,0,3,2,-1,0,4.814575,2.25,1,0
646,1,1,48.0,1,0,76.7292,0,1,3,4,-1,38.3646,48.0,0,1
647,0,3,19.0,0,0,7.8958,2,0,3,-1,0,7.8958,57.0,0,1
648,1,1,56.0,0,0,35.5,0,0,3,1,1,35.5,56.0,0,1
649,0,3,25.14061971830986,0,0,7.55,2,0,3,-1,0,7.55,75.42185915492958,0,1
650,1,3,23.0,0,0,7.55,2,0,2,-1,0,7.55,69.0,1,0
651,0,3,25.14061971830986,0,0,7.8958,2,0,3,-1,0,7.8958,75.42185915492958,0,1
652,1,2,18.0,0,1,23.0,2,1,2,-1,0,11.5,36.0,1,0
653,0,3,21.0,0,0,8.4333,2,0,3,-1,0,8.4333,63.0,0,1
654,1,3,25.14061971830986,0,0,7.8292,1,0,2,-1,0,7.8292,75.42185915492958,1,0
655,0,3,18.0,0,0,6.75,1,0,2,-1,0,6.75,54.0,1,0
656,0,2,24.0,2,0,73.5,2,2,3,-1,0,24.5,48.0,0,1
657,0,3,25.14061971830986,0,0,7.8958,2,0,3,-1,0,7.8958,75.42185915492958,0,1
658,0,3,32.0,1,1,15.5,1,2,4,-1,0,5.166666666666667,96.0,1,0
659,0,2,23.0,0,0,13.0,2,0,3,-1,0,13.0,46.0,0,1
660,0,1,58.0,0,2,113.275,0,2,3,4,1,37.75833333333333,58.0,0,1
661,1,1,50.0,2,0,133.65,2,2,4,-1,0,44.550000000000004,50.0,0,1
662,0,3,40.0,0,0,7.225,0,0,3,-1,0,7.225,120.0,0,1
663,0,1,47.0,0,0,25.5875,2,0,3,5,1,25.5875,47.0,0,1
664,0,3,36.0,0,0,7.4958,2,0,3,-1,0,7.4958,108.0,0,1
665,1,3,20.0,1,0,7.925,2,1,3,-1,0,3.9625,60.0,0,1
666,0,2,32.0,2,0,73.5,2,2,3,-1,0,24.5,64.0,0,1
667,0,2,25.0,0,0,13.0,2,0,3,-1,0,13.0,50.0,0,1
668,0,3,25.14061971830986,0,0,7.775,2,0,3,-1,0,7.775,75.42185915492958,0,1
669,0,3,43.0,0,0,8.05,2,0,3,-1,0,8.05,129.0,0,1
670,1,1,38.233440860215055,1,0,52.0,2,1,4,3,1,26.0,38.233440860215055,1,0
671,1,2,40.0,1,1,39.0,2,2,4,-1,0,13.0,80.0,1,0
672,0,1,31.0,1,0,52.0,2,1,3,2,-1,26.0,31.0,0,1
673,0,2,70.0,0,0,10.5,2,0,3,-1,0,10.5,140.0,0,1
674,1,2,31.0,0,0,13.0,2,0,3,-1,0,13.0,62.0,0,1
675,0,2,29.87763005780347,0,0,21.358661235955054,2,0,3,-1,0,21.358661235955054,59.75526011560694,0,1
676,0,3,18.0,0,0,7.775,2,0,3,-1,0,7.775,54.0,0,1
677,0,3,24.5,0,0,8.05,2,0,3,-1,0,8.05,73.5,0,1
678,1,3,18.0,0,0,9.8417,2,0,2,-1,0,9.8417,54.0,1,0
679,0,3,43.0,1,6,46.9,2,7,4,-1,0,5.8625,129.0,1,0
680,1,1,36.0,0,1,512.3292,0,1,3,2,-1,256.1646,36.0,0,1
681,0,3,25.14061971830986,0,0,8.1375,1,0,2,-1,0,8.1375,75.42185915492958,1,0
682,1,1,27.0,0,0,76.7292,0,0,3,4,-1,76.7292,27.0,0,1
683,0,3,20.0,0,0,9.225,2,0,3,-1,0,9.225,60.0,0,1
684,0,3,14.0,5,2,46.9,2,7,3,-1,0,5.8625,42.0,0,1
685,0,2,60.0,1,1,39.0,2,2,3,-1,0,13.0,120.0,0,1
686,0,2,25.0,1,2,41.5792,0,3,3,-1,0,10.3948,50.0,0,1
687,0,3,14.0,4,1,39.6875,2,5,3,-1,0,6.614583333333333,42.0,0,1
688,0,3,19.0,0,0,10.1708,2,0,3,-1,0,10.1708,57.0,0,1
689,0,3,18.0,0,0,7.7958,2,0,3,-1,0,7.7958,54.0,0,1
690,1,1,15.0,0,1,211.3375,2,1,2,2,-1,105.66875,15.0,1,0
691,1,1,31.0,1,0,57.0,2,1,3,2,1,28.5,31.0,0,1
692,1,3,4.0,0,1,13.4167,0,1,2,-1,0,6.70835,12.0,1,0
693,1,3,25.14061971830986,0,0,56.4958,2,0,3,-1,0,56.4958,75.42185915492958,0,1
694,0,3,25.0,0,0,7.225,0,0,3,-1,0,7.225,75.0,0,1
695,0,1,60.0,0,0,26.55,2,0,3,-1,0,26.55,60.0,0,1
696,0,2,52.0,0,0,13.5,2,0,3,-1,0,13.5,104.0,0,1
697,0,3,44.0,0,0,8.05,2,0,3,-1,0,8.05,132.0,0,1
698,1,3,25.14061971830986,0,0,7.7333,1,0,2,-1,0,7.7333,75.42185915492958,1,0
699,0,1,49.0,1,1,110.8833,0,2,3,3,1,36.9611,49.0,0,1
700,0,3,42.0,0,0,7.65,2,0,3,6,-1,7.65,126.0,0,1
701,1,1,18.0,1,0,227.525,0,1,4,3,1,113.7625,18.0,1,0
702,1,1,35.0,0,0,26.2875,2,0,3,5,1,26.2875,35.0,0,1
703,0,3,18.0,0,1,14.4542,0,1,2,-1,0,7.2271,54.0,1,0
704,0,3,25.0,0,0,7.7417,1,0,3,-1,0,7.7417,75.0,0,1
705,0,3,26.0,1,0,7.8542,2,1,3,-1,0,3.9271,78.0,0,1
706,0,2,39.0,0,0,26.0,2,0,3,-1,0,26.0,78.0,0,1
707,1,2,45.0,0,0,13.5,2,0,4,-1,0,13.5,90.0,1,0
708,1,1,42.0,0,0,26.2875,2,0,3,5,1,26.2875,42.0,0,1
709,1,1,22.0,0,0,151.55,2,0,2,-1,0,151.55,22.0,1,0
710,1,3,25.14061971830986,1,1,15.2458,0,2,1,-1,0,5.081933333333333,75.42185915492958,0,1
711,1,1,24.0,0,0,49.5042,0,0,4,3,1,49.5042,24.0,1,0
712,0,1,38.233440860215055,0,0,26.55,2,0,3,3,1,26.55,38.233440860215055,0,1
713,1,1,48.0,1,0,52.0,2,1,3,3,1,26.0,48.0,0,1
714,0,3,29.0,0,0,9.4833,2,0,3,-1,0,9.4833,87.0,0,1
715,0,2,52.0,0,0,13.0,2,0,3,-1,0,13.0,104.0,0,1
716,0,3,19.0,0,0,7.65,2,0,3,6,-1,7.65,57.0,0,1
717,1,1,38.0,0,0,227.525,0,0,2,3,-1,227.525,38.0,1,0
718,1,2,27.0,0,0,10.5,2,0,2,5,-1,10.5,54.0,1,0
719,0,3,25.14061971830986,0,0,15.5,1,0,3,-1,0,15.5,75.42185915492958,0,1
720,0,3,33.0,0,0,7.775,2,0,3,-1,0,7.775,99.0,0,1
721,1,2,6.0,0,1,33.0,2,1,2,-1,0,16.5,12.0,1,0
722,0,3,17.0,1,0,7.0542,2,1,3,-1,0,3.5271,51.0,0,1
723,0,2,34.0,0,0,13.0,2,0,3,-1,0,13.0,68.0,0,1
724,0,2,50.0,0,0,13.0,2,0,3,-1,0,13.0,100.0,0,1
725,1,1,27.0,1,0,53.1,2,1,3,5,1,26.55,27.0,0,1
726,0,3,20.0,0,0,8.6625,2,0,3,-1,0,8.6625,60.0,0,1
727,1,2,30.0,3,0,21.0,2,3,4,-1,0,5.25,60.0,1,0
728,1,3,25.14061971830986,0,0,7.7375,1,0,2,-1,0,7.7375,75.42185915492958,1,0
729,0,2,25.0,1,0,26.0,2,1,3,-1,0,13.0,50.0,0,1
730,0,3,25.0,1,0,7.925,2,1,2,-1,0,3.9625,75.0,1,0
731,1,1,29.0,0,0,211.3375,2,0,2,2,-1,211.3375,29.0,1,0
732,0,3,11.0,0,0,18.7875,0,0,3,-1,0,18.7875,33.0,0,1
733,0,2,29.87763005780347,0,0,21.358661235955054,2,0,3,-1,0,21.358661235955054,59.75526011560694,0,1
734,0,2,23.0,0,0,13.0,2,0,3,-1,0,13.0,46.0,0,1
735,0,2,23.0,0,0,13.0,2,0,3,-1,0,13.0,46.0,0,1
736,0,3,28.5,0,0,16.1,2,0,3,-1,0,16.1,85.5,0,1
737,0,3,48.0,1,3,34.375,2,4,4,-1,0,6.875,144.0,1,0
738,1,1,35.0,0,0,512.3292,0,0,3,2,-1,512.3292,35.0,0,1
739,0,3,25.14061971830986,0,0,7.8958,2,0,3,-1,0,7.8958,75.42185915492958,0,1
740,0,3,25.14061971830986,0,0,7.8958,2,0,3,-1,0,7.8958,75.42185915492958,0,1
741,1,1,38.233440860215055,0,0,30.0,2,0,3,4,-1,30.0,38.233440860215055,0,1
742,0,1,36.0,1,0,78.85,2,1,3,3,1,39.425,36.0,0,1
743,1,1,21.0,2,2,262.375,0,4,2,2,1,52.475,21.0,1,0
744,0,3,24.0,1,0,16.1,2,1,3,-1,0,8.05,72.0,0,1
745,1,3,31.0,0,0,7.925,2,0,3,-1,0,7.925,93.0,0,1
746,0,1,70.0,1,1,71.0,2,2,3,2,1,23.666666666666668,70.0,0,1
747,0,3,16.0,1,1,20.25,2,2,3,-1,0,6.75,48.0,0,1
748,1,2,30.0,0,0,13.0,2,0,2,-1,0,13.0,60.0,1,0
749,0,1,19.0,1,0,53.1,2,1,3,4,1,26.55,19.0,0,1
750,0,3,31.0,0,0,7.75,1,0,3,-1,0,7.75,93.0,0,1
751,1,2,4.0,1,1,23.0,2,2,2,-1,0,7.666666666666667,8.0,1,0
752,1,3,6.0,0,1,12.475,2,1,1,5,-1,6.2375,18.0,1,1
753,0,3,33.0,0,0,9.5,2,0,3,-1,0,9.5,99.0,0,1
754,0,3,23.0,0,0,7.8958,2,0,3,-1,0,7.8958,69.0,0,1
755,1,2,48.0,1,2,65.0,2,3,4,-1,0,16.25,96.0,1,0
756,1,2,0.67,1,1,14.5,2,2,1,-1,0,4.833333333333333,1.34,1,1
757,0,3,28.0,0,0,7.7958,2,0,3,-1,0,7.7958,84.0,0,1
758,0,2,18.0,0,0,11.5,2,0,3,-1,0,11.5,36.0,0,1
759,0,3,34.0,0,0,8.05,2,0,3,-1,0,8.05,102.0,0,1
760,1,1,33.0,0,0,86.5,2,0,4,2,-1,86.5,33.0,1,0
761,0,3,25.14061971830986,0,0,14.5,2,0,3,-1,0,14.5,75.42185915492958,0,1
762,0,3,41.0,0,0,7.125,2,0,3,-1,0,7.125,123.0,0,1
763,1,3,20.0,0,0,7.2292,0,0,3,-1,0,7.2292,60.0,0,1
764,1,1,36.0,1,2,120.0,2,3,4,2,1,30.0,36.0,1,0
765,0,3,16.0,0,0,7.775,2,0,3,-1,0,7.775,48.0,0,1
766,1,1,51.0,1,0,77.9583,2,1,4,4,-1,38.97915,51.0,1,0
767,0,1,38.233440860215055,0,0,39.6,0,0,4,-1,0,39.6,38.233440860215055,0,1
768,0,3,30.5,0,0,7.75,1,0,2,-1,0,7.75,91.5,1,0
769,0,3,25.14061971830986,1,0,24.15,1,1,3,-1,0,12.075,75.42185915492958,0,1
770,0,3,32.0,0,0,8.3625,2,0,3,-1,0,8.3625,96.0,0,1
771,0,3,24.0,0,0,9.5,2,0,3,-1,0,9.5,72.0,0,1
772,0,3,48.0,0,0,7.8542,2,0,3,-1,0,7.8542,144.0,0,1
773,0,2,57.0,0,0,10.5,2,0,4,5,-1,10.5,114.0,1,0
774,0,3,25.14061971830986,0,0,7.225,0,0,3,-1,0,7.225,75.42185915492958,0,1
775,1,2,54.0,1,3,23.0,2,4,4,-1,0,4.6,108.0,1,0
776,0,3,18.0,0,0,7.75,2,0,3,-1,0,7.75,54.0,0,1
777,0,3,25.14061971830986,0,0,7.75,1,0,3,6,1,7.75,75.42185915492958,0,1
778,1,3,5.0,0,0,12.475,2,0,2,-1,0,12.475,15.0,1,0
779,0,3,25.14061971830986,0,0,7.7375,1,0,3,-1,0,7.7375,75.42185915492958,0,1
780,1,1,43.0,0,1,211.3375,2,1,4,2,-1,105.66875,43.0,1,0
781,1,3,13.0,0,0,7.2292,0,0,2,-1,0,7.2292,39.0,1,0
782,1,1,17.0,1,0,57.0,2,1,4,2,1,28.5,17.0,1,0
783,0,1,29.0,0,0,30.0,2,0,3,4,1,30.0,29.0,0,1
784,0,3,25.14061971830986,1,2,23.45,2,3,3,-1,0,5.8625,75.42185915492958,0,1
785,0,3,25.0,0,0,7.05,2,0,3,-1,0,7.05,75.0,0,1
786,0,3,25.0,0,0,7.25,2,0,3,-1,0,7.25,75.0,0,1
787,1,3,18.0,0,0,7.4958,2,0,2,-1,0,7.4958,54.0,1,0
788,0,3,8.0,4,1,29.125,1,5,1,-1,0,4.854166666666667,24.0,0,1
789,1,3,1.0,1,2,20.575,2,3,1,-1,0,5.14375,3.0,1,1
790,0,1,46.0,0,0,79.2,0,0,3,2,1,79.2,46.0,0,1
791,0,3,25.14061971830986,0,0,7.75,1,0,3,-1,0,7.75,75.42185915492958,0,1
792,0,2,16.0,0,0,26.0,2,0,3,-1,0,26.0,32.0,0,1
793,0,3,25.14061971830986,8,2,69.55,2,10,2,-1,0,6.322727272727272,75.42185915492958,1,0
794,0,1,38.233440860215055,0,0,30.6958,0,0,3,-1,0,30.6958,38.233440860215055,0,1
795,0,3,25.0,0,0,7.8958,2,0,3,-1,0,7.8958,75.0,0,1
796,0,2,39.0,0,0,13.0,2,0,3,-1,0,13.0,78.0,0,1
797,1,1,49.0,0,0,25.9292,2,0,4,4,-1,25.9292,49.0,1,0
798,1,3,31.0,0,0,8.6833,2,0,4,-1,0,8.6833,93.0,1,0
799,0,3,30.0,0,0,7.2292,0,0,3,-1,0,7.2292,90.0,0,1
800,0,3,30.0,1,1,24.15,2,2,4,-1,0,8.049999999999999,90.0,1,0
801,0,2,34.0,0,0,13.0,2,0,3,-1,0,13.0,68.0,0,1
802,1,2,31.0,1,1,26.25,2,2,4,-1,0,8.75,62.0,1,0
803,1,1,11.0,1,2,120.0,2,3,1,2,1,30.0,11.0,0,1
804,1,3,0.42,0,1,8.5167,0,1,1,-1,0,4.25835,1.26,1,1
805,1,3,27.0,0,0,6.975,2,0,3,-1,0,6.975,81.0,0,1
806,0,3,31.0,0,0,7.775,2,0,3,-1,0,7.775,93.0,0,1
807,0,1,39.0,0,0,86.14887440758287,2,0,3,1,1,86.14887440758287,39.0,0,1
808,0,3,18.0,0,0,7.775,2,0,2,-1,0,7.775,54.0,1,0
809,0,2,39.0,0,0,13.0,2,0,3,-1,0,13.0,78.0,0,1
810,1,1,33.0,1,0,53.1,2,1,4,5,1,26.55,33.0,1,0
811,0,3,26.0,0,0,7.8875,2,0,3,-1,0,7.8875,78.0,0,1
812,0,3,39.0,0,0,24.15,2,0,3,-1,0,24.15,117.0,0,1
813,0,2,35.0,0,0,10.5,2,0,3,-1,0,10.5,70.0,0,1
814,0,3,6.0,4,2,31.275,2,6,2,-1,0,4.4678571428571425,18.0,1,0
815,0,3,30.5,0,0,8.05,2,0,3,-1,0,8.05,91.5,0,1
816,0,1,38.233440860215055,0,0,86.14887440758287,2,0,3,2,1,86.14887440758287,38.233440860215055,0,1
817,0,3,23.0,0,0,7.925,2,0,2,-1,0,7.925,69.0,1,0
818,0,2,31.0,1,1,37.0042,0,2,3,-1,0,12.334733333333332,62.0,0,1
819,0,3,43.0,0,0,6.45,2,0,3,-1,0,6.45,129.0,0,1
820,0,3,10.0,3,2,27.9,2,5,1,-1,0,4.6499999999999995,30.0,0,1
821,1,1,52.0,1,1,93.5,2,2,4,2,-1,31.166666666666668,52.0,1,0
822,1,3,27.0,0,0,8.6625,2,0,3,-1,0,8.6625,81.0,0,1
823,0,1,38.0,0,0,86.14887440758287,2,0,3,-1,0,86.14887440758287,38.0,0,1
824,1,3,27.0,0,1,12.475,2,1,4,5,-1,6.2375,81.0,1,0
825,0,3,2.0,4,1,39.6875,2,5,1,-1,0,6.614583333333333,6.0,1,1
826,0,3,25.14061971830986,0,0,6.95,1,0,3,-1,0,6.95,75.42185915492958,0,1
827,0,3,25.14061971830986,0,0,56.4958,2,0,3,-1,0,56.4958,75.42185915492958,0,1
828,1,2,1.0,0,2,37.0042,0,2,1,-1,0,12.334733333333332,2.0,1,1
829,1,3,25.14061971830986,0,0,7.75,1,0,3,-1,0,7.75,75.42185915492958,0,1
830,1,1,62.0,0,0,80.0,2,0,4,2,1,80.0,62.0,1,0
831,1,3,15.0,1,0,14.4542,0,1,4,-1,0,7.2271,45.0,1,0
832,1,2,0.83,1,1,18.75,2,2,1,-1,0,6.25,1.66,1,1
833,0,3,25.14061971830986,0,0,7.2292,0,0,3,-1,0,7.2292,75.42185915492958,0,1
834,0,3,23.0,0,0,7.8542,2,0,3,-1,0,7.8542,69.0,0,1
835,0,3,18.0,0,0,8.3,2,0,3,-1,0,8.3,54.0,0,1
836,1,1,39.0,1,1,83.1583,0,2,2,5,-1,27.71943333333333,39.0,1,0
837,0,3,21.0,0,0,8.6625,2,0,3,-1,0,8.6625,63.0,0,1
838,0,3,25.14061971830986,0,0,8.05,2,0,3,-1,0,8.05,75.42185915492958,0,1
839,1,3,32.0,0,0,56.4958,2,0,3,-1,0,56.4958,96.0,0,1
840,1,1,38.233440860215055,0,0,29.7,0,0,3,3,-1,29.7,38.233440860215055,0,1
841,0,3,20.0,0,0,7.925,2,0,3,-1,0,7.925,60.0,0,1
842,0,2,16.0,0,0,10.5,2,0,3,-1,0,10.5,32.0,0,1
843,1,1,30.0,0,0,31.0,0,0,2,-1,0,31.0,30.0,1,0
844,0,3,34.5,0,0,6.4375,0,0,3,-1,0,6.4375,103.5,0,1
845,0,3,17.0,0,0,8.6625,2,0,3,-1,0,8.6625,51.0,0,1
846,0,3,42.0,0,0,7.55,2,0,3,-1,0,7.55,126.0,0,1
847,0,3,25.14061971830986,8,2,69.55,2,10,3,-1,0,6.322727272727272,75.42185915492958,0,1
848,0,3,35.0,0,0,7.8958,0,0,3,-1,0,7.8958,105.0,0,1
849,0,2,28.0,0,1,33.0,2,1,3,-1,0,16.5,56.0,0,1
850,1,1,38.233440860215055,1,0,89.1042,0,1,4,3,1,44.5521,38.233440860215055,1,0
851,0,3,4.0,4,2,31.275,2,6,1,-1,0,4.4678571428571425,12.0,1,1
852,0,3,74.0,0,0,7.775,2,0,3,-1,0,7.775,222.0,0,1
853,0,3,9.0,1,1,15.2458,0,2,2,-1,0,5.081933333333333,27.0,1,0
854,1,1,16.0,0,1,39.4,2,1,2,4,1,19.7,16.0,1,0
855,0,2,44.0,1,0,26.0,2,1,4,-1,0,13.0,88.0,1,0
856,1,3,18.0,0,1,9.35,2,1,4,-1,0,4.675,54.0,1,0
857,1,1,45.0,1,1,164.8667,2,2,4,-1,0,54.95556666666667,45.0,1,0
858,1,1,51.0,0,0,26.55,2,0,3,5,-1,26.55,51.0,0,1
859,1,3,24.0,0,3,19.2583,0,3,4,-1,0,4.814575,72.0,1,0
860,0,3,25.14061971830986,0,0,7.2292,0,0,3,-1,0,7.2292,75.42185915492958,0,1
861,0,3,41.0,2,0,14.1083,2,2,3,-1,0,4.702766666666666,123.0,0,1
862,0,2,21.0,1,0,11.5,2,1,3,-1,0,5.75,42.0,0,1
863,1,1,48.0,0,0,25.9292,2,0,4,4,-1,25.9292,48.0,1,0
864,0,3,25.14061971830986,8,2,69.55,2,10,2,-1,0,6.322727272727272,75.42185915492958,1,0
865,0,2,24.0,0,0,13.0,2,0,3,-1,0,13.0,48.0,0,1
866,1,2,42.0,0,0,13.0,2,0,4,-1,0,13.0,84.0,1,0
867,1,2,27.0,1,0,13.8583,0,1,2,-1,0,6.92915,54.0,1,0
868,0,1,31.0,0,0,50.4958,2,0,3,1,1,50.4958,31.0,0,1
869,0,3,25.14061971830986,0,0,9.5,2,0,3,-1,0,9.5,75.42185915492958,0,1
870,1,3,4.0,1,1,11.1333,2,2,1,-1,0,3.7111,12.0,1,1
871,0,3,26.0,0,0,7.8958,2,0,3,-1,0,7.8958,78.0,0,1
872,1,1,47.0,1,1,52.5542,2,2,4,4,-1,17.518066666666666,47.0,1,0
873,0,1,33.0,0,0,5.0,2,0,3,2,-1,5.0,33.0,0,1
874,0,3,47.0,0,0,9.0,2,0,3,-1,0,9.0,141.0,0,1
875,1,2,28.0,1,0,24.0,0,1,4,-1,0,12.0,56.0,1,0
876,1,3,15.0,0,0,7.225,0,0,2,-1,0,7.225,45.0,1,0
877,0,3,20.0,0,0,9.8458,2,0,3,-1,0,9.8458,60.0,0,1
878,0,3,19.0,0,0,7.8958,2,0,3,-1,0,7.8958,57.0,0,1
879,0,3,25.14061971830986,0,0,7.8958,2,0,3,-1,0,7.8958,75.42185915492958,0,1
880,1,1,56.0,0,1,83.1583,0,1,4,3,1,41.57915,56.0,1,0
881,1,2,25.0,0,1,26.0,2,1,4,-1,0,13.0,50.0,1,0
882,0,3,33.0,0,0,7.8958,2,0,3,-1,0,7.8958,99.0,0,1
883,0,3,22.0,0,0,10.5167,2,0,2,-1,0,10.5167,66.0,1,0
884,0,2,28.0,0,0,10.5,2,0,3,-1,0,10.5,56.0,0,1
885,0,3,25.0,0,0,7.05,2,0,3,-1,0,7.05,75.0,0,1
886,0,3,39.0,0,5,29.125,1,5,4,-1,0,4.854166666666667,117.0,1,0
887,0,2,27.0,0,0,13.0,2,0,3,-1,0,13.0,54.0,0,1
888,1,1,19.0,0,0,30.0,2,0,2,2,1,30.0,19.0,1,0
889,0,3,25.14061971830986,1,2,23.45,2,3,2,-1,0,5.8625,75.42185915492958,1,0
890,1,1,26.0,0,0,30.0,0,0,3,3,1,30.0,26.0,0,1
891,0,3,32.0,0,0,7.75,1,0,3,-1,0,7.75,96.0,0,1
